<?xml version="1.0" encoding="UTF-8"?>
<!DOCTYPE hibernate-configuration PUBLIC
		"-//Hibernate/Hibernate Configuration DTD 3.0//EN"
		"http://www.hibernate.org/dtd/hibernate-configuration-3.0.dtd">
<hibernate-configuration>
    <session-factory>
        <property name="hibernate.connection.driver_class">com.mysql.jdbc.Driver</property>
        <property name="hibernate.connection.password">hibernate</property>
        <property name="hibernate.connection.url">jdbc:mysql://localhost/hibernate</property>
        <property name="hibernate.connection.username">hibernate</property>
        <property name="hibernate.dialect">org.hibernate.dialect.MySQLDialect</property>
        
        <property name="hibernate.show_sql">true</property>
        
        <mapping class="tablas.PruebaId" package="tablas" resource="/tablas.Prueba.hbm.xml"/>
    </session-factory>
</hibernate-configuration>
