<?xml version="1.0"?>
<!DOCTYPE hibernate-mapping PUBLIC "-//Hibernate/Hibernate Mapping DTD 3.0//EN"
"http://www.hibernate.org/dtd/hibernate-mapping-3.0.dtd">
<!-- Generated 17-04-2017 10:16:52 PM by Hibernate Tools 5.2.1.Final -->
<hibernate-mapping>
    <class name="tablas.Prueba" table="prueba" catalog="hibernate" optimistic-lock="version">
        <composite-id name="id" class="tablas.PruebaId">
            <key-property name="nombre" type="string">
                <column name="nombre" length="50" />
            </key-property>
            <key-property name="apellido" type="string">
                <column name="apellido" length="50" />
            </key-property>
            <key-property name="edad" type="java.lang.Integer">
                <column name="edad" />
            </key-property>
        </composite-id>
    </class>
</hibernate-mapping>
